lr_believes_exaggeration,word,magnitude
False,Phoenix,0.0349
False,record,0.0226
False,I,0.0201
False,hot,0.0193
False,s,0.0188
False,thank,0.0109
False,ERA,0.0312
False,country,0.0245
False,definitely,0.0223
False,Revival,0.0204
False,duper,0.0124
False,leader,0.0106
False,fuels,0.0079
True,crab,0.0803
True,scientists,0.0603
True,cold,0.0407
True,not,0.0372
True,factually,0.0351
True,he,0.0343
True,because,0.0302
True,outside,0.0269
True,get,0.015
False,Florida,0.0533
False,term,0.0397
False,hotter,0.0379
False,here,0.0372
False,league,0.0328
False,like,0.0267
False,go,0.0139
False,conservative,0.0483
False,we,0.0352
False,Arizona,0.0308
False,hot,0.029
False,now,0.0177
False,circulation,0.05
False,shutdown,0.0443
False,Atlantic,0.0316
False,thresholds,0.0376
False,conservative,0.0307
False,slash,0.03
False,hemisphere,0.029
False,terminology,0.0211
False,UK,0.0154
False,they,0.0148
False,circulation,0.0348
False,is,0.0312
False,fully,0.0302
False,wars,0.0225
False,amoc,0.0219
False,Atlantic,0.0186
False,we,0.014
False,worst,0.0237
False,we,0.0178
False,shutdown,0.0164
False,this,0.0153
False,Atlantic,0.0075
False,Century,0.0074
False,hottest,0.0353
False,Maricopa,0.0352
False,month,0.0292
False,Arizona,0.0286
False,hot,0.0195
False,vote,0.0152
False,are,0.0093
False,crisis,0.0269
False,fuels,0.0217
False,IRA,0.0216
False,now,0.0151
False,reduction,0.015
False,be,0.014
False,fuel,0.0127
False,renewable,0.0125
False,government,0.0342
False,hottest,0.0262
False,segment,0.0211
False,Wars,0.0211
False,this,0.0168
False,look,0.0114
False,taxed,0.0394
False,tax,0.0348
False,Chevron,0.033
False,Americans,0.0224
False,more,0.0215
False,oil,0.0488
False,administrations,0.0409
False,tax,0.0395
False,fires,0.0356
False,American,0.0225
False,Maui,0.0167
False,beautiful,0.0117
False,chart,0.0095
False,has,0.0095
False,61,0.0041
False,UK,0.0714
False,butter,0.0328
False,mile,0.025
False,oh,0.0174
False,wars,0.0138
False,may,0.0373
False,in,0.0301
False,2021,0.0256
False,highest,0.0245
False,the,0.0202
False,2015,0.0177
False,paris,0.0167
False,term,0.0166
False,2020,0.016
False,heat,0.0134
False,coronavirus,0.0126
False,oil,0.0383
False,democrats,0.0381
False,renewable,0.0087
False,conservatives,0.0516
False,2021,0.0342
False,islands,0.0175
False,fuels,0.0353
False,conservatives,0.0211
False,middle,0.0189
False,iran,0.0174
False,you,0.0122
False,iraq,0.0108
False,Atlantic,0.0224
False,impacts,0.0182
False,Texas,0.0157
False,America,0.0145
False,we,0.0134
False,Florida,0.0118
False,fuel,0.0451
False,Oil,0.0412
False,oil,0.0226
False,happening,0.0225
False,Tuesday,0.0196
False,oil,0.0725
False,tobacco,0.0444
False,Oil,0.0421
False,American,0.0251
False,block,0.0162
False,cigarettes,0.1317
False,highlighted,0.0638
False,see,0.0184
False,all,0.0139
False,France,0.0436
False,record,0.0291
False,June,0.0283
False,s,0.0128
False,warmest,0.005
False,all,0.0035
True,should,0.0551
True,people,0.0543
True,it,0.0435
True,anecdotal,0.0392
True,Net,0.0276
False,back,0.0309
False,out,0.0212
False,fight,0.02
False,barack,0.0264
False,vote,0.0194
False,victory,0.0183
False,paris,0.0108
False,big,0.0047
False,oil,0.0196
False,and,0.0167
False,fuels,0.0158
False,all,0.0145
False,fuel,0.0274
False,leaders,0.0144
False,paris,0.0142
False,biden,0.014
False,line,0.0128
False,agreement,0.0583
False,conferences,0.0341
False,fuels,0.0333
False,paris,0.0289
False,fuel,0.0217
False,nothing,0.0174
False,we,0.017
False,s,0.0048
False,hot,0.0289
False,Gulf,0.0239
False,when,0.0237
False,United,0.0204
False,States,0.0558
False,energy,0.0526
False,going,0.0315
False,to,0.0257
False,implement,0.0222
False,countries,0.0162
False,Gulf,0.0463
False,fuel,0.0442
False,politics,0.0338
False,2100,0.0294
False,s,0.0289
False,re,0.0215
True,convince,0.0549
True,Was,0.0511
True,people,0.0453
True,deny,0.0431
True,natural,0.0342
True,scientist,0.0299
True,they,0.0295
True,climate,0.0021
True,accept,0.079
True,people,0.0562
True,not,0.0533
True,Yeah,0.0366
True,easy,0.0343
True,tornado,0.0327
True,growth,0.0284
False,energy,0.0745
False,tough,0.0388
False,will,0.029
False,efficient,0.02
True,blizzard,0.0675
True,analogy,0.0469
True,disprove,0.0463
True,evidence,0.0396
True,scientist,0.0352
True,science,0.0197
True,peer,0.019
True,hoax,0.0877
True,science,0.0541
True,believe,0.0434
True,people,0.0414
True,scientist,0.0403
True,point,0.0381
True,believe,0.0686
True,science,0.0491
True,reading,0.0449
True,smash,0.0374
True,they,0.0369
True,doesn,0.0359
True,pipe,0.0064
False,Grenada,0.0727
False,alliance,0.0237
False,issue,0.0215
False,represent,0.021
False,for,0.0177
False,threatens,0.0358
False,our,0.0232
False,will,0.0167
False,level,0.0099
False,emissions,0.0245
False,policy,0.0199
False,ve,0.0095
False,runaway,0.0078
False,will,0.0301
False,re,0.0221
False,energy,0.022
False,since,0.0088
False,Grenada,0.058
False,who,0.0226
False,ll,0.013
False,re,0.0102
False,Trump,0.0093
False,agreement,0.0451
False,Exxon,0.0395
False,US,0.0287
False,I,0.0285
False,Paris,0.0248
False,Paris,0.0327
False,agreement,0.0245
False,Kyo,0.0219
False,American,0.0143
False,States,0.0123
False,Grenada,0.0533
False,American,0.0237
False,States,0.0151
False,energy,0.0094
False,pronouncing,0.033
False,hurricane,0.0255
False,Florida,0.0215
False,more,0.0288
False,as,0.0224
False,hurricane,0.0212
False,water,0.0208
False,effectively,0.0185
False,impact,0.0168
False,damage,0.0474
False,financial,0.0143
False,another,0.0134
False,re,0.0133
False,all,0.0027
False,issues,0.0525
False,American,0.0468
False,activist,0.0351
False,leaders,0.0338
False,back,0.0109
False,democracy,0.0893
False,fuels,0.0282
False,hurricanes,0.0095
False,say,0.0074
False,rival,0.0039
False,policies,0.0354
False,emissions,0.0261
False,taxes,0.025
False,term,0.0195
False,agreement,0.0136
False,aggressive,0.0416
False,Trump,0.0407
False,fuels,0.0401
False,energy,0.0373
False,renewable,0.0334
False,I,0.0245
False,taxes,0.0217
False,Venezuela,0.0216
False,oil,0.0195
False,countries,0.0172
False,fuels,0.0141
False,when,0.0103
False,cost,0.0046
False,crisis,0.0305
False,fuels,0.0301
False,will,0.0233
False,of,0.0141
False,emissions,0.0115
False,State,0.0113
False,El,0.0263
False,will,0.0237
False,fuels,0.0182
False,major,0.0154
False,level,0.0147
False,means,0.0086
False,ninos,0.0086
False,see,0.004
False,Nino,0.0628
False,El,0.0571
False,impacting,0.0401
False,more,0.0285
False,acidic,0.0284
False,climate,0.0277
True,myths,0.0966
True,Skeptics,0.0754
True,skeptical,0.0616
True,reason,0.0418
True,seen,0.0343
False,fuels,0.0484
False,planet,0.0337
False,Effect,0.0253
False,burning,0.0244
False,plate,0.0182
False,over,0.0121
False,electricity,0.05
False,dent,0.0429
False,I,0.0228
False,now,0.0141
False,fuels,0.0355
False,Germany,0.0354
False,Challenge,0.0346
False,electricity,0.0279
False,gas,0.0218
False,our,0.0313
False,pleasure,0.0249
False,distinguished,0.0246
False,system,0.0107
True,believed,0.0774
True,climate,0.074
True,die,0.0661
True,they,0.0442
True,tactic,0.0394
True,believe,0.0325
True,real,0.0276
True,them,0.0454
True,people,0.0409
True,was,0.0345
True,lived,0.0331
True,they,0.0318
True,because,0.0301
True,told,0.0246
True,famine,0.0205
True,truth,0.0183
False,florida,0.1064
False,going,0.021
False,will,0.0177
False,be,0.0146
False,tax,0.0115
False,candace,0.0381
False,birthday,0.0265
False,hemisphere,0.0195
False,episode,0.0145
False,here,0.0088
True,I,0.0927
True,scam,0.0651
True,believe,0.0639
True,person,0.0488
True,they,0.0453
True,not,0.0413
True,brainwash,0.0247
True,of,0.0134
True,environment,0.0583
True,scare,0.0448
True,truth,0.0411
True,people,0.0373
True,climate,0.037
True,they,0.0322
True,bears,0.026
False,trimming,0.0281
False,graph,0.0234
False,issue,0.0192
False,1850s,0.0127
False,energy,0.0529
False,efficient,0.0517
False,to,0.0311
False,productivity,0.047
False,in,0.0355
False,uh,0.0226
False,Century,0.017
False,Britain,0.0345
False,may,0.0165
True,evidence,0.0627
True,life,0.0578
True,fantasy,0.0541
True,Holocaust,0.0472
True,climate,0.0357
True,is,0.0331
True,they,0.0312
True,Gyllenhaal,0.0725
True,beings,0.0539
True,happen,0.0457
True,sell,0.0414
True,a,0.041
True,tsunami,0.0214
False,fuels,0.0647
False,iPhone,0.0333
False,in,0.0254
True,Gates,0.1304
True,environmental,0.0625
True,people,0.0494
True,said,0.0391
True,buyers,0.0378
True,explain,0.0319
False,fuel,0.0389
False,efficiency,0.0277
False,gas,0.0259
False,standards,0.0188
False,efficient,0.0108
True,lied,0.0551
True,argument,0.0389
True,greenhouse,0.0367
True,scientists,0.0346
True,Earth,0.0296
True,scientist,0.0259
True,exists,0.0257
True,a,0.0224
True,Natural,0.0646
True,fossil,0.0572
True,Civilization,0.053
True,move,0.0339
True,tsunami,0.0628
True,sell,0.0543
True,argument,0.0424
True,climate,0.0421
True,beings,0.0304
True,move,0.0293
True,water,0.0274
True,have,0.0274
True,people,0.0172
True,that,0.0606
True,tsunami,0.059
True,beings,0.057
True,to,0.0473
True,factual,0.0437
True,anthropogenic,0.0419
False,imposed,0.0999
False,taxes,0.049
False,2050,0.0451
False,policy,0.0365
False,policies,0.054
False,will,0.0348
False,efficient,0.029
False,new,0.0172
False,energy,0.0708
False,nuclear,0.0243
False,grid,0.0189
False,in,0.0147
False,emergency,0.0544
False,2021,0.0472
False,four,0.0408
False,ember,0.0322
False,ipcc,0.0283
False,this,0.0278
False,energy,0.0299
False,mitigation,0.0284
False,emissions,0.0223
False,cutting,0.0149
False,moderate,0.0115
False,orleans,0.034
False,dramatically,0.0295
False,will,0.022
False,miami,0.0203
False,dots,0.0173
False,crises,0.0851
False,tax,0.03
False,mitigation,0.029
False,pursuing,0.027
False,emergencies,0.0233
False,we,0.0232
True,believe,0.0645
True,premise,0.0551
True,sky,0.0476
True,existential,0.0475
True,Bible,0.0436
True,children,0.0421
True,nonsense,0.0327
True,they,0.0258
True,hoax,0.0874
True,cult,0.0724
True,climate,0.0542
True,fossil,0.0333
True,people,0.0316
True,death,0.0285
True,religion,0.1503
True,ramaswamy,0.067
True,rational,0.0563
True,climate,0.0519
True,founder,0.03
True,strive,0.0237
True,hoax,0.0731
True,films,0.045
True,Nazi,0.0443
True,myth,0.0423
True,Joseph,0.0375
True,alarmist,0.022
True,emissions,0.0013
True,alarmist,0.0723
True,counterproductive,0.0542
True,audiences,0.0417
True,learned,0.0404
True,Glacier,0.0345
True,house,0.0345
True,akmad,0.0319
True,own,0.0245
False,Europe,0.0373
False,electric,0.022
False,oil,0.0132
False,lot,0.0122
True,hoax,0.1195
True,skepticism,0.0677
True,science,0.0616
True,environment,0.0476
True,windmill,0.0454
True,environmentalist,0.0309
False,legislation,0.0508
False,tax,0.0363
False,colleagues,0.0273
False,2014,0.025
True,human,0.0739
True,convince,0.0718
True,real,0.0599
True,truth,0.0408
True,believe,0.0401
True,alarmist,0.0377
True,snowstorm,0.0327
True,hoax,0.2243
True,science,0.0744
True,weather,0.0507
True,rejected,0.0461
True,environmentalists,0.0382
True,you,0.0241
True,scam,0.0734
True,science,0.0581
True,dioxide,0.0548
True,example,0.0392
True,hypothetically,0.0392
True,unsettled,0.0319
True,plants,0.029
True,million,0.0275
True,made,0.0233
False,major,0.0634
False,Consequence,0.0402
False,planet,0.0325
False,yield,0.0293
True,time,0.0565
True,mongers,0.0441
True,hypothesis,0.0432
True,the,0.0412
True,scientists,0.0343
True,t,0.029
True,climate,0.0241
True,ecosystem,0.0205
True,ice,0.0547
True,age,0.0372
True,told,0.0345
True,cold,0.0311
True,goddamn,0.024
True,warming,0.024
True,window,0.0196
False,I,0.0482
False,Canada,0.0431
False,favorite,0.0233
False,like,0.0223
False,yeah,0.0081
False,know,0.0267
False,June,0.0137
False,these,0.013
True,real,0.1633
True,warming,0.0724
True,__,0.0601
True,about,0.052
True,expert,0.0465
True,terrifying,0.0453
True,Earth,0.042
True,he,0.0388
True,not,0.0346
True,skeptic,0.1124
True,science,0.0742
True,not,0.0543
True,Weather,0.0512
True,calling,0.0403
True,founder,0.0341
True,scientist,0.0254
True,scientists,0.0648
True,real,0.042
True,true,0.0402
True,money,0.0343
True,it,0.0342
True,NASA,0.0305
True,warming,0.0243
False,banks,0.0314
False,best,0.0266
False,40,0.0095
False,bill,0.0176
False,energy,0.016
False,reduction,0.0106
False,pelosi,0.0103
False,2019,0.0079
False,select,0.0043
False,energy,0.0175
False,clean,0.0161
False,bipartisan,0.0127
False,leadership,0.0062
False,we,0.0058
False,bills,0.005
False,texas,0.0084
False,and,0.0066
False,congresswoman,0.0058
False,more,0.0046
False,florida,0.004
False,energy,0.0202
False,champion,0.0162
False,states,0.0101
False,illinois,0.0099
False,champions,0.0082
False,bill,0.0078
False,chart,0.0063
False,midterms,0.0477
False,senate,0.0253
False,congress,0.0223
False,thank,0.017
False,celebration,0.0146
False,my,0.0119
False,bill,0.0373
False,proud,0.0105
False,bill,0.0209
False,energy,0.0138
False,reduction,0.011
False,congress,0.01
False,oil,0.0076
False,celebrating,0.0246
False,excited,0.0151
False,select,0.0146
False,bill,0.0311
False,legislation,0.0246
False,congress,0.0169
False,enacted,0.0119
False,committee,0.0414
False,our,0.0234
False,electric,0.0223
False,and,0.022
False,tax,0.0173
False,single,0.0153
False,october,0.0144
False,fuel,0.0136
False,tax,0.0532
False,bill,0.0411
False,hydrogen,0.0267
False,is,0.0199
False,blumenour,0.0034
False,bill,0.0268
False,reduction,0.011
False,legislation,0.0104
False,union,0.0095
False,at,0.0092
False,america,0.0081
False,was,0.0029
False,legislation,0.0186
False,electric,0.0177
False,tax,0.0106
False,refueling,0.0104
False,going,0.0092
False,reduce,0.0083
False,michigan,0.0072
False,american,0.0242
False,america,0.0213
False,subcommittee,0.02
False,celebrating,0.019
False,electricians,0.0149
False,energy,0.0112
False,i,0.0101
False,florida,0.0086
False,energy,0.0344
False,democrats,0.0134
False,same,0.0128
False,clean,0.0088
False,greatest,0.0027
False,bill,0.024
False,bipartisan,0.0157
False,and,0.013
False,will,0.0107
False,our,0.0099
False,better,0.0084
False,reduction,0.0052
False,victory,0.0659
False,reduction,0.0403
False,celebrate,0.0309
False,courage,0.0261
False,act,0.0253
False,nation,0.0202
